{
    "epoch": 3.0,
    "total_flos": 2.015731235168133e+18,
    "train_loss": 0.7906630621213303,
    "train_runtime": 46516.156,
    "train_samples_per_second": 0.613,
    "train_steps_per_second": 0.038
}