{
    "epoch": 3.0,
    "total_flos": 1.1029834306245427e+18,
    "train_loss": 0.2002039519656883,
    "train_runtime": 15361.8639,
    "train_samples_per_second": 19.082,
    "train_steps_per_second": 1.193
}